,月報（作業報告）,,,,,,
,報告者,羅　陽,,,,,
,報告日,2025年8月30日,,,,,
,8月１日-8月30日,,,,,,
,作業内容,"★作業内容
 入力チェックの仕様変更対応
　・仕様変更によって、電文の桁数、属性のチェックの追加（稼働確認電文、納付情報取消電文、納付情報登録電文の応答電文）
　・非必須項目のチェックの追加
　・schemaのnullチェックの横展開対応
　・「任意」項目に対して、空文字が入力できるように修正
2. UT追加、UT故障の対応
　・新作成の入力チェックのUTを追加
　・UT故障の修正対応
3. 共通部品開発
　・電文validatorの追加（長さチェック、英数字カナ、全角文字のチェック）
4. ソースのステップ数統計
　・Release4とdevelopブランチのソース比較(新規、改修：10.3K)
",`,,,`,　
,進捗,"完了（８月前予定）：
　・電子納付の画面製造；サーバー側の製造、UT
　・電子納付のバッチ製造、UT
　・仕様変更より、応答電文の入力チェク追加
未完了（８月予定　→  ファイル検査の仕様変更のため、9月5号に延長）：
　・電子納付の画面テストの実施　",,,,,
,課題,,,,,,
